[
  {
    "message": "hello-world 1"
  },
  {
    "message": "hello-world 2"
  },
  {
    "message": "hello-world 3"
  },
  {
    "message": "hello-world 4"
  },
  {
    "message": "hello-world 5"
  },
  {
    "message": "hello-world 6"
  },
  {
    "message": "hello-world 7"
  },
  {
    "message": "hello-world 8"
  },
  {
    "message": "hello-world 9"
  },
  {
    "message": "hello-world 10"
  },
  {
    "message": "hello-world 11"
  },
  {
    "message": "hello-world 12"
  },
  {
    "message": "hello-world 13"
  },
  {
    "message": "hello-world 14"
  },
  {
    "message": "hello-world 15"
  },
  {
    "message": "hello-world 16"
  },
  {
    "message": "hello-world 17"
  },
  {
    "message": "hello-world 18"
  },
  {
    "message": "hello-world 19"
  },
  {
    "message": "hello-world 20"
  },
  {
    "message": "hello-world 21"
  },
  {
    "message": "hello-world 22"
  },
  {
    "message": "hello-world 23"
  },
  {
    "message": "hello-world 24"
  },
  {
    "message": "hello-world 25"
  },
  {
    "message": "hello-world 26"
  },
  {
    "message": "hello-world 27"
  },
  {
    "message": "hello-world 28"
  },
  {
    "message": "hello-world 29"
  },
  {
    "message": "hello-world 30"
  },
  {
    "message": "hello-world 31"
  },
  {
    "message": "hello-world 32"
  },
  {
    "message": "hello-world 33"
  },
  {
    "message": "hello-world 34"
  },
  {
    "message": "hello-world 35"
  },
  {
    "message": "hello-world 36"
  },
  {
    "message": "hello-world 37"
  },
  {
    "message": "hello-world 38"
  },
  {
    "message": "hello-world 39"
  },
  {
    "message": "hello-world 40"
  },
  {
    "message": "hello-world 41"
  },
  {
    "message": "hello-world 42"
  },
  {
    "message": "hello-world 43"
  },
  {
    "message": "hello-world 44"
  },
  {
    "message": "hello-world 45"
  },
  {
    "message": "hello-world 46"
  },
  {
    "message": "hello-world 47"
  },
  {
    "message": "hello-world 48"
  },
  {
    "message": "hello-world 49"
  },
  {
    "message": "hello-world 50"
  },
  {
    "message": "hello-world 51"
  },
  {
    "message": "hello-world 52"
  },
  {
    "message": "hello-world 53"
  },
  {
    "message": "hello-world 54"
  },
  {
    "message": "hello-world 55"
  },
  {
    "message": "hello-world 56"
  },
  {
    "message": "hello-world 57"
  },
  {
    "message": "hello-world 58"
  },
  {
    "message": "hello-world 59"
  },
  {
    "message": "hello-world 60"
  }
]